"","stateAbb","percent_farm_tractor","year","colorID","color"
"1","AL",0.0108351641525794,1925,1,"#000033FF"
"2","AR",0.0164576007154457,1925,1,"#000033FF"
"3","AZ",0.0732194942368918,1925,1,"#000033FF"
"4","CA",0.198436008944148,1925,2,"#0000B6FF"
"5","CO",0.099583098577104,1925,1,"#000033FF"
"6","CT",0.0569167617649503,1925,1,"#000033FF"
"7","DE",0.0811081403379195,1925,1,"#000033FF"
"8","FL",0.0558781593140207,1925,1,"#000033FF"
"9","GA",0.0174022052589926,1925,1,"#000033FF"
"10","IA",0.176071163067652,1925,2,"#0000B6FF"
"11","ID",0.0555105863475029,1925,1,"#000033FF"
"12","IL",0.190371263523819,1925,2,"#0000B6FF"
"13","IN",0.122572250652082,1925,1,"#000033FF"
"14","KS",0.21251941323927,1925,2,"#0000B6FF"
"15","KY",0.0196651613053614,1925,1,"#000033FF"
"16","LA",0.046751869753298,1925,1,"#000033FF"
"17","MA",0.0754557899613418,1925,1,"#000033FF"
"18","MD",0.0837941939292763,1925,1,"#000033FF"
"19","ME",0.0282975591947983,1925,1,"#000033FF"
"20","MI",0.0854643887507981,1925,1,"#000033FF"
"21","MN",0.147585397312614,1925,2,"#0000B6FF"
"22","MO",0.0489452205502418,1925,1,"#000033FF"
"23","MS",0.00957572706888779,1925,1,"#000033FF"
"24","MT",0.137481617143257,1925,2,"#0000B6FF"
"25","NC",0.0264040948903751,1925,1,"#000033FF"
"26","ND",0.224221068422979,1925,2,"#0000B6FF"
"27","NE",0.146001977153456,1925,2,"#0000B6FF"
"28","NH",0.0255955081978224,1925,1,"#000033FF"
"29","NJ",0.142420710200368,1925,2,"#0000B6FF"
"30","NM",0.0335201435797366,1925,1,"#000033FF"
"31","NV",0.0589320436413905,1925,1,"#000033FF"
"32","NY",0.135705017383046,1925,1,"#000033FF"
"33","OH",0.127162706746293,1925,1,"#000033FF"
"34","OK",0.0604325432529524,1925,1,"#000033FF"
"35","OR",0.0934946565580143,1925,1,"#000033FF"
"36","PA",0.0989629211121433,1925,1,"#000033FF"
"37","RI",0.083223852263502,1925,1,"#000033FF"
"38","SC",0.0164509290984614,1925,1,"#000033FF"
"39","SD",0.206920635724347,1925,2,"#0000B6FF"
"40","TN",0.0182417946444372,1925,1,"#000033FF"
"41","TX",0.0672540897396924,1925,1,"#000033FF"
"42","UT",0.0352262550516901,1925,1,"#000033FF"
"43","VA",0.038779794431309,1925,1,"#000033FF"
"44","VT",0.0614862842903877,1925,1,"#000033FF"
"45","WA",0.0651995605029208,1925,1,"#000033FF"
"46","WI",0.144335065890139,1925,2,"#0000B6FF"
"47","WV",0.0259420797453166,1925,1,"#000033FF"
"48","WY",0.0818516514869906,1925,1,"#000033FF"
"49","AL",0.017637478797175,1930,1,"#000033FF"
"50","AR",0.0177642161589433,1930,1,"#000033FF"
"51","AZ",0.0951843794780759,1930,1,"#000033FF"
"52","CA",0.253673878007639,1930,2,"#0000B6FF"
"53","CO",0.160510451481162,1930,2,"#0000B6FF"
"54","CT",0.137147677829647,1930,2,"#0000B6FF"
"55","DE",0.16977695483556,1930,2,"#0000B6FF"
"56","FL",0.101347730083558,1930,1,"#000033FF"
"57","GA",0.0227424100147407,1930,1,"#000033FF"
"58","IA",0.293636667251485,1930,3,"#2E00FFFF"
"59","ID",0.100536583877744,1930,1,"#000033FF"
"60","IL",0.302693043922722,1930,3,"#2E00FFFF"
"61","IN",0.223276793195883,1930,2,"#0000B6FF"
"62","KS",0.410753157321636,1930,4,"#9408F7FF"
"63","KY",0.0294202465853356,1930,1,"#000033FF"
"64","LA",0.0370014358379994,1930,1,"#000033FF"
"65","MA",0.133672956577878,1930,1,"#000033FF"
"66","MD",0.159258701781827,1930,2,"#0000B6FF"
"67","ME",0.061691701267034,1930,1,"#000033FF"
"68","MI",0.164402299419312,1930,2,"#0000B6FF"
"69","MN",0.250995980735539,1930,2,"#0000B6FF"
"70","MO",0.0929938770457897,1930,1,"#000033FF"
"71","MS",0.0192228063432712,1930,1,"#000033FF"
"72","MT",0.320968867057862,1930,3,"#2E00FFFF"
"73","NC",0.0402233513118682,1930,1,"#000033FF"
"74","ND",0.439386582686729,1930,4,"#9408F7FF"
"75","NE",0.289394060396698,1930,3,"#2E00FFFF"
"76","NH",0.0664611317059733,1930,1,"#000033FF"
"77","NJ",0.265928898515559,1930,2,"#0000B6FF"
"78","NM",0.0666914489079801,1930,1,"#000033FF"
"79","NV",0.105818810896765,1930,1,"#000033FF"
"80","NY",0.23564796772404,1930,2,"#0000B6FF"
"81","OH",0.231215391089912,1930,2,"#0000B6FF"
"82","OK",0.126455829200738,1930,1,"#000033FF"
"83","OR",0.155894938977583,1930,2,"#0000B6FF"
"84","PA",0.179444805248908,1930,2,"#0000B6FF"
"85","RI",0.167231017506799,1930,2,"#0000B6FF"
"86","SC",0.0203980860258522,1930,1,"#000033FF"
"87","SD",0.37247016149368,1930,3,"#2E00FFFF"
"88","TN",0.025589979617221,1930,1,"#000033FF"
"89","TX",0.112256397733079,1930,1,"#000033FF"
"90","UT",0.0491645251876399,1930,1,"#000033FF"
"91","VA",0.071410729255028,1930,1,"#000033FF"
"92","VT",0.105823794177775,1930,1,"#000033FF"
"93","WA",0.120958582475825,1930,1,"#000033FF"
"94","WI",0.250214224933746,1930,2,"#0000B6FF"
"95","WV",0.0405119569050279,1930,1,"#000033FF"
"96","WY",0.205722297388674,1930,2,"#0000B6FF"
"97","AL",0.0295661322550971,1940,1,"#000033FF"
"98","AR",0.0377876566881583,1940,1,"#000033FF"
"99","AZ",0.149178943532704,1940,2,"#0000B6FF"
"100","CA",0.322237117643956,1940,3,"#2E00FFFF"
"101","CO",0.316291158241997,1940,3,"#2E00FFFF"
"102","CT",0.223215158692328,1940,2,"#0000B6FF"
"103","DE",0.295873635397312,1940,3,"#2E00FFFF"
"104","FL",0.118398422398543,1940,1,"#000033FF"
"105","GA",0.0401555818444737,1940,1,"#000033FF"
"106","IA",0.553275479021467,1940,5,"#FA4AB5FF"
"107","ID",0.233466322682902,1940,2,"#0000B6FF"
"108","IL",0.508296011315725,1940,4,"#9408F7FF"
"109","IN",0.37226620420257,1940,3,"#2E00FFFF"
"110","KS",0.57763587908672,1940,5,"#FA4AB5FF"
"111","KY",0.051762691359925,1940,1,"#000033FF"
"112","LA",0.0678781767172976,1940,1,"#000033FF"
"113","MA",0.201808589087991,1940,2,"#0000B6FF"
"114","MD",0.234327231693003,1940,2,"#0000B6FF"
"115","ME",0.176339665399032,1940,2,"#0000B6FF"
"116","MI",0.289090749194683,1940,3,"#2E00FFFF"
"117","MN",0.500879693941895,1940,4,"#9408F7FF"
"118","MO",0.162578962914262,1940,2,"#0000B6FF"
"119","MS",0.0256571181522965,1940,1,"#000033FF"
"120","MT",0.438354039375467,1940,4,"#9408F7FF"
"121","NC",0.0490971377108465,1940,1,"#000033FF"
"122","ND",0.580130956901612,1940,5,"#FA4AB5FF"
"123","NE",0.508426851910171,1940,4,"#9408F7FF"
"124","NH",0.168658399447716,1940,2,"#0000B6FF"
"125","NJ",0.393057023388358,1940,3,"#2E00FFFF"
"126","NM",0.158017745091758,1940,2,"#0000B6FF"
"127","NV",0.179821941011423,1940,2,"#0000B6FF"
"128","NY",0.337585028724311,1940,3,"#2E00FFFF"
"129","OH",0.362285553666272,1940,3,"#2E00FFFF"
"130","OK",0.253110557370053,1940,2,"#0000B6FF"
"131","OR",0.25275753544643,1940,2,"#0000B6FF"
"132","PA",0.293460407229068,1940,3,"#2E00FFFF"
"133","RI",0.28955607055012,1940,3,"#2E00FFFF"
"134","SC",0.0319766844857883,1940,1,"#000033FF"
"135","SD",0.505983754121138,1940,4,"#9408F7FF"
"136","TN",0.0441163029385697,1940,1,"#000033FF"
"137","TX",0.275875643467664,1940,3,"#2E00FFFF"
"138","UT",0.106262084826607,1940,1,"#000033FF"
"139","VA",0.0777481028852614,1940,1,"#000033FF"
"140","VT",0.153941583205012,1940,2,"#0000B6FF"
"141","WA",0.241816770225573,1940,2,"#0000B6FF"
"142","WI",0.388110169597421,1940,3,"#2E00FFFF"
"143","WV",0.0459293444439661,1940,1,"#000033FF"
"144","WY",0.333755832956962,1940,3,"#2E00FFFF"
"145","AL",0.0657566627419203,1945,1,"#000033FF"
"146","AR",0.0935709290684161,1945,1,"#000033FF"
"147","AZ",0.291660325673413,1945,3,"#2E00FFFF"
"148","CA",0.405781869749563,1945,3,"#2E00FFFF"
"149","CO",0.533117728590029,1945,4,"#9408F7FF"
"150","CT",0.370666786565352,1945,3,"#2E00FFFF"
"151","DE",0.412973321858864,1945,4,"#9408F7FF"
"152","FL",0.155463627593649,1945,2,"#0000B6FF"
"153","GA",0.0909750904173141,1945,1,"#000033FF"
"154","IA",0.72337197392478,1945,6,"#FF8B74FF"
"155","ID",0.415995951612126,1945,4,"#9408F7FF"
"156","IL",0.646051929357273,1945,5,"#FA4AB5FF"
"157","IN",0.508370745013355,1945,4,"#9408F7FF"
"158","KS",0.663196215083008,1945,5,"#FA4AB5FF"
"159","KY",0.093781577435734,1945,1,"#000033FF"
"160","LA",0.0884256931822576,1945,1,"#000033FF"
"161","MA",0.326289620882536,1945,3,"#2E00FFFF"
"162","MD",0.38686856450636,1945,3,"#2E00FFFF"
"163","ME",0.306680257917694,1945,3,"#2E00FFFF"
"164","MI",0.550311522924892,1945,5,"#FA4AB5FF"
"165","MN",0.681157119268386,1945,5,"#FA4AB5FF"
"166","MO",0.277989083454765,1945,3,"#2E00FFFF"
"167","MS",0.055443823806199,1945,1,"#000033FF"
"168","MT",0.64421013590484,1945,5,"#FA4AB5FF"
"169","NC",0.0990981587407624,1945,1,"#000033FF"
"170","ND",0.81442750287687,1945,6,"#FF8B74FF"
"171","NE",0.728802033000465,1945,6,"#FF8B74FF"
"172","NH",0.286702863834771,1945,3,"#2E00FFFF"
"173","NJ",0.556851978952185,1945,5,"#FA4AB5FF"
"174","NM",0.283919851826907,1945,3,"#2E00FFFF"
"175","NV",0.36862058909303,1945,3,"#2E00FFFF"
"176","NY",0.518583182821593,1945,4,"#9408F7FF"
"177","OH",0.502337073557747,1945,4,"#9408F7FF"
"178","OK",0.369834334607683,1945,3,"#2E00FFFF"
"179","OR",0.38309702970297,1945,3,"#2E00FFFF"
"180","PA",0.470071785795378,1945,4,"#9408F7FF"
"181","RI",0.433805162364696,1945,4,"#9408F7FF"
"182","SC",0.0701614267826322,1945,1,"#000033FF"
"183","SD",0.757877883705698,1945,6,"#FF8B74FF"
"184","TN",0.0933835542227777,1945,1,"#000033FF"
"185","TX",0.340880104525725,1945,3,"#2E00FFFF"
"186","UT",0.239837398373984,1945,2,"#0000B6FF"
"187","VA",0.117988338697841,1945,1,"#000033FF"
"188","VT",0.248999622499056,1945,2,"#0000B6FF"
"189","WA",0.347590972248301,1945,3,"#2E00FFFF"
"190","WI",0.61515654448789,1945,5,"#FA4AB5FF"
"191","WV",0.0651434426229508,1945,1,"#000033FF"
"192","WY",0.569287243805445,1945,5,"#FA4AB5FF"
"193","AL",0.172084821683445,1950,2,"#0000B6FF"
"194","AR",0.203719918813609,1950,2,"#0000B6FF"
"195","AZ",0.444655061869292,1950,4,"#9408F7FF"
"196","CA",0.551285258363809,1950,5,"#FA4AB5FF"
"197","CO",0.634055934249645,1950,5,"#FA4AB5FF"
"198","CT",0.511188602616168,1950,4,"#9408F7FF"
"199","DE",0.577785093304081,1950,5,"#FA4AB5FF"
"200","FL",0.283496445406337,1950,3,"#2E00FFFF"
"201","GA",0.239652996519391,1950,2,"#0000B6FF"
"202","IA",0.791523820943556,1950,6,"#FF8B74FF"
"203","ID",0.69362006326897,1950,6,"#FF8B74FF"
"204","IL",0.715659772324897,1950,6,"#FF8B74FF"
"205","IN",0.630331078317141,1950,5,"#FA4AB5FF"
"206","KS",0.779915382463595,1950,6,"#FF8B74FF"
"207","KY",0.234041388220449,1950,2,"#0000B6FF"
"208","LA",0.221791786980582,1950,2,"#0000B6FF"
"209","MA",0.45242944023195,1950,4,"#9408F7FF"
"210","MD",0.567542732986093,1950,5,"#FA4AB5FF"
"211","ME",0.387487856331064,1950,3,"#2E00FFFF"
"212","MI",0.681990111041712,1950,6,"#FF8B74FF"
"213","MN",0.789919765183593,1950,6,"#FF8B74FF"
"214","MO",0.432016339170431,1950,4,"#9408F7FF"
"215","MS",0.136193299517343,1950,1,"#000033FF"
"216","MT",0.768157135509295,1950,6,"#FF8B74FF"
"217","NC",0.228533684421486,1950,2,"#0000B6FF"
"218","ND",0.88758197268326,1950,7,"#FFCD32FF"
"219","NE",0.806693528600133,1950,6,"#FF8B74FF"
"220","NH",0.399611861259675,1950,3,"#2E00FFFF"
"221","NJ",0.587362949567748,1950,5,"#FA4AB5FF"
"222","NM",0.448180263095925,1950,4,"#9408F7FF"
"223","NV",0.549643649876953,1950,5,"#FA4AB5FF"
"224","NY",0.611894288748045,1950,5,"#FA4AB5FF"
"225","OH",0.633300644149458,1950,5,"#FA4AB5FF"
"226","OK",0.524022606023015,1950,4,"#9408F7FF"
"227","OR",0.639978561867483,1950,5,"#FA4AB5FF"
"228","PA",0.604960287346097,1950,5,"#FA4AB5FF"
"229","RI",0.494184566894409,1950,4,"#9408F7FF"
"230","SC",0.169316825143537,1950,2,"#0000B6FF"
"231","SD",0.812593846767138,1950,6,"#FF8B74FF"
"232","TN",0.206648939794091,1950,2,"#0000B6FF"
"233","TX",0.520869747842069,1950,4,"#9408F7FF"
"234","UT",0.539952707346457,1950,4,"#9408F7FF"
"235","VA",0.277333748917262,1950,3,"#2E00FFFF"
"236","VT",0.446304773133533,1950,4,"#9408F7FF"
"237","WA",0.602172407600377,1950,5,"#FA4AB5FF"
"238","WI",0.732237681604692,1950,6,"#FF8B74FF"
"239","WV",0.163543948293647,1950,2,"#0000B6FF"
"240","WY",0.69298412955785,1950,6,"#FF8B74FF"
"241","AL",0.292787592361314,1954,3,"#2E00FFFF"
"242","AR",0.339106249862138,1954,3,"#2E00FFFF"
"243","AZ",0.550920580147984,1954,5,"#FA4AB5FF"
"244","CA",0.641417350471982,1954,5,"#FA4AB5FF"
"245","CO",0.751636763445072,1954,6,"#FF8B74FF"
"246","CT",0.644135105171948,1954,5,"#FA4AB5FF"
"247","DE",0.791304410889598,1954,6,"#FF8B74FF"
"248","FL",0.410301409063106,1954,4,"#9408F7FF"
"249","GA",0.39612048554549,1954,3,"#2E00FFFF"
"250","IA",0.877213299306615,1954,7,"#FFCD32FF"
"251","ID",0.801643769755903,1954,6,"#FF8B74FF"
"252","IL",0.829213971811698,1954,7,"#FFCD32FF"
"253","IN",0.777325143196384,1954,6,"#FF8B74FF"
"254","KS",0.866232266914542,1954,7,"#FFCD32FF"
"255","KY",0.378924318075168,1954,3,"#2E00FFFF"
"256","LA",0.325976870415255,1954,3,"#2E00FFFF"
"257","MA",0.499547838031651,1954,4,"#9408F7FF"
"258","MD",0.716573133212097,1954,6,"#FF8B74FF"
"259","ME",0.530130695546683,1954,4,"#9408F7FF"
"260","MI",0.81819631497475,1954,7,"#FFCD32FF"
"261","MN",0.882213785324978,1954,7,"#FFCD32FF"
"262","MO",0.638127468296554,1954,5,"#FA4AB5FF"
"263","MS",0.258295477845783,1954,2,"#0000B6FF"
"264","MT",0.858043731810171,1954,7,"#FFCD32FF"
"265","NC",0.381671583935947,1954,3,"#2E00FFFF"
"266","ND",0.93642513786517,1954,8,"#FFFF60FF"
"267","NE",0.886069176754658,1954,7,"#FFCD32FF"
"268","NH",0.556061218654489,1954,5,"#FA4AB5FF"
"269","NJ",0.664800984902258,1954,5,"#FA4AB5FF"
"270","NM",0.502386608412699,1954,4,"#9408F7FF"
"271","NV",0.693316764445156,1954,6,"#FF8B74FF"
"272","NY",0.731211138768881,1954,6,"#FF8B74FF"
"273","OH",0.767753538370453,1954,6,"#FF8B74FF"
"274","OK",0.625905527374961,1954,5,"#FA4AB5FF"
"275","OR",0.746287827452361,1954,6,"#FF8B74FF"
"276","PA",0.758503238697242,1954,6,"#FF8B74FF"
"277","RI",0.491168313747024,1954,4,"#9408F7FF"
"278","SC",0.280810110894933,1954,3,"#2E00FFFF"
"279","SD",0.900840883655743,1954,8,"#FFFF60FF"
"280","TN",0.348847211425645,1954,3,"#2E00FFFF"
"281","TX",0.604436238455916,1954,5,"#FA4AB5FF"
"282","UT",0.656477342677174,1954,5,"#FA4AB5FF"
"283","VA",0.447724492137854,1954,4,"#9408F7FF"
"284","VT",0.660630725993875,1954,5,"#FA4AB5FF"
"285","WA",0.72880623087926,1954,6,"#FF8B74FF"
"286","WI",0.864458867848667,1954,7,"#FFCD32FF"
"287","WV",0.303536171648177,1954,3,"#2E00FFFF"
"288","WY",0.808086949164004,1954,6,"#FF8B74FF"
"289","AL",0.463035893184095,1959,4,"#9408F7FF"
"290","AR",0.527771637879314,1959,4,"#9408F7FF"
"291","AZ",0.649937785151389,1959,5,"#FA4AB5FF"
"292","CA",0.71311723109777,1959,6,"#FF8B74FF"
"293","CO",0.851332734351602,1959,7,"#FFCD32FF"
"294","CT",0.761095031355523,1959,6,"#FF8B74FF"
"295","DE",0.809907834101382,1959,6,"#FF8B74FF"
"296","FL",0.505920177383592,1959,4,"#9408F7FF"
"297","GA",0.588810531264692,1959,5,"#FA4AB5FF"
"298","IA",0.908772974179626,1959,8,"#FFFF60FF"
"299","ID",0.854054054054054,1959,7,"#FFCD32FF"
"300","IL",0.895243268410026,1959,7,"#FFCD32FF"
"301","IN",0.857014669163546,1959,7,"#FFCD32FF"
"302","KS",0.886379100501212,1959,7,"#FFCD32FF"
"303","KY",0.534036268263283,1959,4,"#9408F7FF"
"304","LA",0.456164862032833,1959,4,"#9408F7FF"
"305","MA",0.712049378298596,1959,6,"#FF8B74FF"
"306","MD",0.828875089562933,1959,7,"#FFCD32FF"
"307","ME",0.704032258064516,1959,6,"#FF8B74FF"
"308","MI",0.910943774202492,1959,8,"#FFFF60FF"
"309","MN",0.921413958341915,1959,8,"#FFFF60FF"
"310","MO",0.760458167330677,1959,6,"#FF8B74FF"
"311","MS",0.381057173053814,1959,3,"#2E00FFFF"
"312","MT",0.8998929521047,1959,7,"#FFCD32FF"
"313","NC",0.563712500065594,1959,5,"#FA4AB5FF"
"314","ND",0.945401252548791,1959,8,"#FFFF60FF"
"315","NE",0.905310859353413,1959,8,"#FFFF60FF"
"316","NH",0.71109752369306,1959,6,"#FF8B74FF"
"317","NJ",0.771330616469371,1959,6,"#FF8B74FF"
"318","NM",0.594509705383504,1959,5,"#FA4AB5FF"
"319","NV",0.79481733220051,1959,6,"#FF8B74FF"
"320","NY",0.886492787410753,1959,7,"#FFCD32FF"
"321","OH",0.855136691057548,1959,7,"#FFCD32FF"
"322","OK",0.705701550551354,1959,6,"#FF8B74FF"
"323","OR",0.825194372019825,1959,7,"#FFCD32FF"
"324","PA",0.861292128093391,1959,7,"#FFCD32FF"
"325","RI",0.762007168458781,1959,6,"#FF8B74FF"
"326","SC",0.447487591464975,1959,4,"#9408F7FF"
"327","SD",0.914475927288388,1959,8,"#FFFF60FF"
"328","TN",0.498490690477398,1959,4,"#9408F7FF"
"329","TX",0.689933985405446,1959,6,"#FF8B74FF"
"330","UT",0.802369322328898,1959,6,"#FF8B74FF"
"331","VA",0.573993833420403,1959,5,"#FA4AB5FF"
"332","VT",0.828250268617241,1959,7,"#FFCD32FF"
"333","WA",0.825910774182291,1959,7,"#FFCD32FF"
"334","WI",0.927858857600122,1959,8,"#FFFF60FF"
"335","WV",0.491399877303401,1959,4,"#9408F7FF"
"336","WY",0.855603448275862,1959,7,"#FFCD32FF"
"337","AL",0.538602862650373,1964,4,"#9408F7FF"
"338","AR",0.596326629974154,1964,5,"#FA4AB5FF"
"339","AZ",0.607197198784112,1964,5,"#FA4AB5FF"
"340","CA",0.703027209655422,1964,6,"#FF8B74FF"
"341","CO",0.847837155390666,1964,7,"#FFCD32FF"
"342","CT",0.726029968388226,1964,6,"#FF8B74FF"
"343","DE",0.830653112171181,1964,7,"#FFCD32FF"
"344","FL",0.583669570583796,1964,5,"#FA4AB5FF"
"345","GA",0.662631896427704,1964,5,"#FA4AB5FF"
"346","IA",0.927660762805356,1964,8,"#FFFF60FF"
"347","ID",0.87286321071029,1964,7,"#FFCD32FF"
"348","IL",0.913534431427656,1964,8,"#FFFF60FF"
"349","IN",0.870696013328073,1964,7,"#FFCD32FF"
"350","KS",0.905997929374808,1964,8,"#FFFF60FF"
"351","KY",0.596168130629285,1964,5,"#FA4AB5FF"
"352","LA",0.562122777727294,1964,5,"#FA4AB5FF"
"353","MA",0.679745232890533,1964,5,"#FA4AB5FF"
"354","MD",0.8475706399818,1964,7,"#FFCD32FF"
"355","ME",0.660345321451973,1964,5,"#FA4AB5FF"
"356","MI",0.921934875312533,1964,8,"#FFFF60FF"
"357","MN",0.93758614734836,1964,8,"#FFFF60FF"
"358","MO",0.80705936716087,1964,6,"#FF8B74FF"
"359","MS",0.489793445175129,1964,4,"#9408F7FF"
"360","MT",0.893742059355934,1964,7,"#FFCD32FF"
"361","NC",0.639874782162295,1964,5,"#FA4AB5FF"
"362","ND",0.952728250825811,1964,8,"#FFFF60FF"
"363","NE",0.926702148110297,1964,8,"#FFFF60FF"
"364","NH",0.731466600067957,1964,6,"#FF8B74FF"
"365","NJ",0.706273282500947,1964,6,"#FF8B74FF"
"366","NM",0.620581718542766,1964,5,"#FA4AB5FF"
"367","NV",0.809963108782311,1964,6,"#FF8B74FF"
"368","NY",0.822932247841283,1964,7,"#FFCD32FF"
"369","OH",0.859881992523654,1964,7,"#FFCD32FF"
"370","OK",0.711839644231047,1964,6,"#FF8B74FF"
"371","OR",0.787644910051642,1964,6,"#FF8B74FF"
"372","PA",0.868504893437044,1964,7,"#FFCD32FF"
"373","RI",0.723532620332202,1964,6,"#FF8B74FF"
"374","SC",0.558100112413893,1964,5,"#FA4AB5FF"
"375","SD",0.932492128122722,1964,8,"#FFFF60FF"
"376","TN",0.586605170794626,1964,5,"#FA4AB5FF"
"377","TX",0.706376028691407,1964,6,"#FF8B74FF"
"378","UT",0.811898259255815,1964,6,"#FF8B74FF"
"379","VA",0.670115338164654,1964,5,"#FA4AB5FF"
"380","VT",0.848165946922995,1964,7,"#FFCD32FF"
"381","WA",0.789990888058039,1964,6,"#FF8B74FF"
"382","WI",0.922469971987215,1964,8,"#FFFF60FF"
"383","WV",0.508878644054424,1964,4,"#9408F7FF"
"384","WY",0.867271533781574,1964,7,"#FFCD32FF"
"385","AL",0.843088073331191,1969,7,"#FFCD32FF"
"386","AR",0.846701554272046,1969,7,"#FFCD32FF"
"387","AZ",0.594514360623275,1969,5,"#FA4AB5FF"
"388","CA",0.721043307007918,1969,6,"#FF8B74FF"
"389","CO",0.872202821261902,1969,7,"#FFCD32FF"
"390","CT",0.815716071424504,1969,6,"#FF8B74FF"
"391","DE",0.85093650064639,1969,7,"#FFCD32FF"
"392","FL",0.749571608278827,1969,6,"#FF8B74FF"
"393","GA",0.848961299894825,1969,7,"#FFCD32FF"
"394","IA",0.920816434427401,1969,8,"#FFFF60FF"
"395","ID",0.902330511457967,1969,8,"#FFFF60FF"
"396","IL",0.91877371867098,1969,8,"#FFFF60FF"
"397","IN",0.889014043002955,1969,7,"#FFCD32FF"
"398","KS",0.905327387926728,1969,8,"#FFFF60FF"
"399","KY",0.815949251321082,1969,6,"#FF8B74FF"
"400","LA",0.870805993778825,1969,7,"#FFCD32FF"
"401","MA",0.760287203568154,1969,6,"#FF8B74FF"
"402","MD",0.89598999974928,1969,7,"#FFCD32FF"
"403","ME",0.822898192280977,1969,7,"#FFCD32FF"
"404","MI",0.932109321315538,1969,8,"#FFFF60FF"
"405","MN",0.927094514565157,1969,8,"#FFFF60FF"
"406","MO",0.88191969424477,1969,7,"#FFCD32FF"
"407","MS",0.859128949124913,1969,7,"#FFCD32FF"
"408","MT",0.910390203801412,1969,8,"#FFFF60FF"
"409","NC",0.83745610355724,1969,7,"#FFCD32FF"
"410","ND",0.938237574520515,1969,8,"#FFFF60FF"
"411","NE",0.915486111478583,1969,8,"#FFFF60FF"
"412","NH",0.849345646763787,1969,7,"#FFCD32FF"
"413","NJ",0.77191128343416,1969,6,"#FF8B74FF"
"414","NM",0.701174077401732,1969,6,"#FF8B74FF"
"415","NV",0.860760943223723,1969,7,"#FFCD32FF"
"416","NY",0.906985795348446,1969,8,"#FFFF60FF"
"417","OH",0.897204574968,1969,7,"#FFCD32FF"
"418","OK",0.833739987018755,1969,7,"#FFCD32FF"
"419","OR",0.859799301997523,1969,7,"#FFCD32FF"
"420","PA",0.914714671116485,1969,8,"#FFFF60FF"
"421","RI",0.850787687500245,1969,7,"#FFCD32FF"
"422","SC",0.865870906741583,1969,7,"#FFCD32FF"
"423","SD",0.91575219861987,1969,8,"#FFFF60FF"
"424","TN",0.836856566523039,1969,7,"#FFCD32FF"
"425","TX",0.779216155916461,1969,6,"#FF8B74FF"
"426","UT",0.871942281572742,1969,7,"#FFCD32FF"
"427","VA",0.861615567991542,1969,7,"#FFCD32FF"
"428","VT",0.933065516390212,1969,8,"#FFFF60FF"
"429","WA",0.837702800929046,1969,7,"#FFCD32FF"
"430","WI",0.933093927717788,1969,8,"#FFFF60FF"
"431","WV",0.801304200388268,1969,6,"#FF8B74FF"
"432","WY",0.866543691088122,1969,7,"#FFCD32FF"
"433","AL",0.778379618194008,1974,6,"#FF8B74FF"
"434","AR",0.788378892835417,1974,6,"#FF8B74FF"
"435","AZ",0.685335171463036,1974,6,"#FF8B74FF"
"436","CA",0.706194402577061,1974,6,"#FF8B74FF"
"437","CO",0.840163130857613,1974,7,"#FFCD32FF"
"438","CT",0.840982168956446,1974,7,"#FFCD32FF"
"439","DE",0.841176470588235,1974,7,"#FFCD32FF"
"440","FL",0.641286268711883,1974,5,"#FA4AB5FF"
"441","GA",0.79907486660232,1974,6,"#FF8B74FF"
"442","IA",0.889194633001332,1974,7,"#FFCD32FF"
"443","ID",0.862922297297297,1974,7,"#FFCD32FF"
"444","IL",0.876396905870382,1974,7,"#FFCD32FF"
"445","IN",0.829892509810613,1974,7,"#FFCD32FF"
"446","KS",0.854839117037935,1974,7,"#FFCD32FF"
"447","KY",0.752167991141858,1974,6,"#FF8B74FF"
"448","LA",0.793020457280385,1974,6,"#FF8B74FF"
"449","MA",0.817211474316211,1974,6,"#FF8B74FF"
"450","MD",0.885378882806832,1974,7,"#FFCD32FF"
"451","ME",0.863113735239279,1974,7,"#FFCD32FF"
"452","MI",0.90581021624489,1974,8,"#FFFF60FF"
"453","MN",0.903102387935496,1974,8,"#FFFF60FF"
"454","MO",0.818772631815471,1974,7,"#FFCD32FF"
"455","MS",0.777321894815367,1974,6,"#FF8B74FF"
"456","MT",0.872534728176985,1974,7,"#FFCD32FF"
"457","NC",0.744818141980719,1974,6,"#FF8B74FF"
"458","ND",0.916225708265043,1974,8,"#FFFF60FF"
"459","NE",0.871725076556652,1974,7,"#FFCD32FF"
"460","NH",0.863598673300166,1974,7,"#FFCD32FF"
"461","NJ",0.865568902685923,1974,7,"#FFCD32FF"
"462","NM",0.697305442297465,1974,6,"#FF8B74FF"
"463","NV",0.851156069364162,1974,7,"#FFCD32FF"
"464","NY",0.912618469850282,1974,8,"#FFFF60FF"
"465","OH",0.869680331604418,1974,7,"#FFCD32FF"
"466","OK",0.752219624492606,1974,6,"#FF8B74FF"
"467","OR",0.807273950584981,1974,6,"#FF8B74FF"
"468","PA",0.881439130353012,1974,7,"#FFCD32FF"
"469","RI",0.88107202680067,1974,7,"#FFCD32FF"
"470","SC",0.807959009393681,1974,6,"#FF8B74FF"
"471","SD",0.882708698190309,1974,7,"#FFCD32FF"
"472","TN",0.764261843496087,1974,6,"#FF8B74FF"
"473","TX",0.747914608084197,1974,6,"#FF8B74FF"
"474","UT",0.833716349310571,1974,7,"#FFCD32FF"
"475","VA",0.781817491793013,1974,6,"#FF8B74FF"
"476","VT",0.900609549610565,1974,8,"#FFFF60FF"
"477","WA",0.827881672900374,1974,7,"#FFCD32FF"
"478","WI",0.916047340716816,1974,8,"#FFFF60FF"
"479","WV",0.803004317227512,1974,6,"#FF8B74FF"
"480","WY",0.863931154901472,1974,7,"#FFCD32FF"
"481","AL",0.849527372981489,1978,7,"#FFCD32FF"
"482","AR",0.842128654518753,1978,7,"#FFCD32FF"
"483","AZ",0.663861543347094,1978,5,"#FA4AB5FF"
"484","CA",0.742219307593519,1978,6,"#FF8B74FF"
"485","CO",0.847994945553202,1978,7,"#FFCD32FF"
"486","CT",0.839443023586246,1978,7,"#FFCD32FF"
"487","DE",0.894938198940553,1978,7,"#FFCD32FF"
"488","FL",0.732448973940015,1978,6,"#FF8B74FF"
"489","GA",0.862192393736018,1978,7,"#FFCD32FF"
"490","IA",0.916877508468011,1978,8,"#FFFF60FF"
"491","ID",0.883830261041692,1978,7,"#FFCD32FF"
"492","IL",0.92147292004967,1978,8,"#FFFF60FF"
"493","IN",0.894802565377108,1978,7,"#FFCD32FF"
"494","KS",0.891925415593696,1978,7,"#FFCD32FF"
"495","KY",0.854619950519738,1978,7,"#FFCD32FF"
"496","LA",0.857315906917437,1978,7,"#FFCD32FF"
"497","MA",0.815002021835827,1978,6,"#FF8B74FF"
"498","MD",0.900900900900901,1978,8,"#FFFF60FF"
"499","ME",0.88,1978,7,"#FFCD32FF"
"500","MI",0.932545592956674,1978,8,"#FFFF60FF"
"501","MN",0.924557367412918,1978,8,"#FFFF60FF"
"502","MO",0.865608935048668,1978,7,"#FFCD32FF"
"503","MS",0.852417014329766,1978,7,"#FFCD32FF"
"504","MT",0.880925100785063,1978,7,"#FFCD32FF"
"505","NC",0.852348664724745,1978,7,"#FFCD32FF"
"506","ND",0.927001511509775,1978,8,"#FFFF60FF"
"507","NE",0.905265964119935,1978,8,"#FFFF60FF"
"508","NH",0.852472089314195,1978,7,"#FFCD32FF"
"509","NJ",0.87437374749499,1978,7,"#FFCD32FF"
"510","NM",0.695475590934936,1978,6,"#FF8B74FF"
"511","NV",0.82534389328887,1978,7,"#FFCD32FF"
"512","NY",0.928798607080673,1978,8,"#FFFF60FF"
"513","OH",0.911961046100683,1978,8,"#FFFF60FF"
"514","OK",0.814361061505877,1978,6,"#FF8B74FF"
"515","OR",0.828579447777427,1978,7,"#FFCD32FF"
"516","PA",0.921248354151098,1978,8,"#FFFF60FF"
"517","RI",0.853115727002967,1978,7,"#FFCD32FF"
"518","SC",0.873549015202576,1978,7,"#FFCD32FF"
"519","SD",0.914586613665109,1978,8,"#FFFF60FF"
"520","TN",0.841985962489932,1978,7,"#FFCD32FF"
"521","TX",0.814031186749907,1978,6,"#FF8B74FF"
"522","UT",0.842604199310561,1978,7,"#FFCD32FF"
"523","VA",0.863565363665492,1978,7,"#FFCD32FF"
"524","VT",0.919856459330144,1978,8,"#FFFF60FF"
"525","WA",0.831122728886307,1978,7,"#FFCD32FF"
"526","WI",0.934951736893821,1978,8,"#FFFF60FF"
"527","WV",0.869699570815451,1978,7,"#FFCD32FF"
"528","WY",0.853233830845771,1978,7,"#FFCD32FF"
"529","AL",0.848745046235139,1982,7,"#FFCD32FF"
"530","AR",0.845977238990599,1982,7,"#FFCD32FF"
"531","AZ",0.636078538314699,1982,5,"#FA4AB5FF"
"532","CA",0.727077598438087,1982,6,"#FF8B74FF"
"533","CO",0.842314927520195,1982,7,"#FFCD32FF"
"534","CT",0.854288758657432,1982,7,"#FFCD32FF"
"535","DE",0.869982025164769,1982,7,"#FFCD32FF"
"536","FL",0.730523767605634,1982,6,"#FF8B74FF"
"537","GA",0.852125730404997,1982,7,"#FFCD32FF"
"538","IA",0.901258956963254,1982,8,"#FFFF60FF"
"539","ID",0.826454641094117,1982,7,"#FFCD32FF"
"540","IL",0.90204400759522,1982,8,"#FFFF60FF"
"541","IN",0.883726353977714,1982,7,"#FFCD32FF"
"542","KS",0.858882902543818,1982,7,"#FFCD32FF"
"543","KY",0.868607465417839,1982,7,"#FFCD32FF"
"544","LA",0.858637915770836,1982,7,"#FFCD32FF"
"545","MA",0.786521014626921,1982,6,"#FF8B74FF"
"546","MD",0.882283878143731,1982,7,"#FFCD32FF"
"547","ME",0.850349850064258,1982,7,"#FFCD32FF"
"548","MI",0.914184892858969,1982,8,"#FFFF60FF"
"549","MN",0.91205950287131,1982,8,"#FFFF60FF"
"550","MO",0.854117940007292,1982,7,"#FFCD32FF"
"551","MS",0.843097960627137,1982,7,"#FFCD32FF"
"552","MT",0.868773865082732,1982,7,"#FFCD32FF"
"553","NC",0.848362457412903,1982,7,"#FFCD32FF"
"554","ND",0.918805412972469,1982,8,"#FFFF60FF"
"555","NE",0.881994588582906,1982,7,"#FFCD32FF"
"556","NH",0.856002901704752,1982,7,"#FFCD32FF"
"557","NJ",0.852845233780355,1982,7,"#FFCD32FF"
"558","NM",0.676060516167309,1982,5,"#FA4AB5FF"
"559","NV",0.766826038984921,1982,6,"#FF8B74FF"
"560","NY",0.93065131376312,1982,8,"#FFFF60FF"
"561","OH",0.901304437849403,1982,8,"#FFFF60FF"
"562","OK",0.808350454338624,1982,6,"#FF8B74FF"
"563","OR",0.786604864024408,1982,6,"#FF8B74FF"
"564","PA",0.911047087422346,1982,8,"#FFFF60FF"
"565","RI",0.824175824175824,1982,7,"#FFCD32FF"
"566","SC",0.882947571101929,1982,7,"#FFCD32FF"
"567","SD",0.887665554000215,1982,7,"#FFCD32FF"
"568","TN",0.852106222050461,1982,7,"#FFCD32FF"
"569","TX",0.806199329802184,1982,6,"#FF8B74FF"
"570","UT",0.825872425629291,1982,7,"#FFCD32FF"
"571","VA",0.865269287876743,1982,7,"#FFCD32FF"
"572","VT",0.903087885985748,1982,8,"#FFFF60FF"
"573","WA",0.800665188470067,1982,6,"#FF8B74FF"
"574","WI",0.919171766079879,1982,8,"#FFFF60FF"
"575","WV",0.865222494931171,1982,7,"#FFCD32FF"
"576","WY",0.848098408757477,1982,7,"#FFCD32FF"
"577","AL",0.885705711251674,1987,7,"#FFCD32FF"
"578","AR",0.881866423448447,1987,7,"#FFCD32FF"
"579","AZ",0.703872734385187,1987,6,"#FF8B74FF"
"580","CA",0.769710515880169,1987,6,"#FF8B74FF"
"581","CO",0.84360797537018,1987,7,"#FFCD32FF"
"582","CT",0.891899441340782,1987,7,"#FFCD32FF"
"583","DE",0.886716115981119,1987,7,"#FFCD32FF"
"584","FL",0.784686508370719,1987,6,"#FF8B74FF"
"585","GA",0.893322924320353,1987,7,"#FFCD32FF"
"586","IA",0.923369461874881,1987,8,"#FFFF60FF"
"587","ID",0.852249192279016,1987,7,"#FFCD32FF"
"588","IL",0.921890838645732,1987,8,"#FFFF60FF"
"589","IN",0.905695969137378,1987,8,"#FFFF60FF"
"590","KS",0.881596407063387,1987,7,"#FFCD32FF"
"591","KY",0.897872432479206,1987,7,"#FFCD32FF"
"592","LA",0.905850091407678,1987,8,"#FFFF60FF"
"593","MA",0.862290862290862,1987,7,"#FFCD32FF"
"594","MD",0.913982133188955,1987,8,"#FFFF60FF"
"595","ME",0.89280587015473,1987,7,"#FFCD32FF"
"596","MI",0.928378800906746,1987,8,"#FFFF60FF"
"597","MN",0.941348628921355,1987,8,"#FFFF60FF"
"598","MO",0.871862777437444,1987,7,"#FFCD32FF"
"599","MS",0.893878030169631,1987,7,"#FFCD32FF"
"600","MT",0.860387495929665,1987,7,"#FFCD32FF"
"601","NC",0.881671277241752,1987,7,"#FFCD32FF"
"602","ND",0.918359828841849,1987,8,"#FFFF60FF"
"603","NE",0.905209745132392,1987,8,"#FFFF60FF"
"604","NH",0.893836978131213,1987,7,"#FFCD32FF"
"605","NJ",0.898472099202834,1987,7,"#FFCD32FF"
"606","NM",0.707418064425574,1987,6,"#FF8B74FF"
"607","NV",0.767756854971919,1987,6,"#FF8B74FF"
"608","NY",0.940041862067138,1987,8,"#FFFF60FF"
"609","OH",0.920922840168019,1987,8,"#FFFF60FF"
"610","OK",0.842826223158854,1987,7,"#FFCD32FF"
"611","OR",0.813550321734241,1987,6,"#FF8B74FF"
"612","PA",0.926749306485092,1987,8,"#FFFF60FF"
"613","RI",0.854493580599144,1987,7,"#FFCD32FF"
"614","SC",0.910025832236682,1987,8,"#FFFF60FF"
"615","SD",0.906339344622828,1987,8,"#FFFF60FF"
"616","TN",0.879552382983528,1987,7,"#FFCD32FF"
"617","TX",0.844624658346929,1987,7,"#FFCD32FF"
"618","UT",0.849424143324328,1987,7,"#FFCD32FF"
"619","VA",0.891002031295341,1987,7,"#FFCD32FF"
"620","VT",0.927003573251659,1987,8,"#FFFF60FF"
"621","WA",0.854197085729611,1987,7,"#FFCD32FF"
"622","WI",0.943605169637034,1987,8,"#FFFF60FF"
"623","WV",0.88936589893833,1987,7,"#FFCD32FF"
"624","WY",0.81933731667572,1987,7,"#FFCD32FF"
"625","AL",0.890331090885108,1992,7,"#FFCD32FF"
"626","AR",0.872658579329495,1992,7,"#FFCD32FF"
"627","AZ",0.689502436143511,1992,6,"#FF8B74FF"
"628","CA",0.77006270197891,1992,6,"#FF8B74FF"
"629","CO",0.834155863288156,1992,7,"#FFCD32FF"
"630","CT",0.870148818208345,1992,7,"#FFCD32FF"
"631","DE",0.901633118116217,1992,8,"#FFFF60FF"
"632","FL",0.788319509146688,1992,6,"#FF8B74FF"
"633","GA",0.886479059839545,1992,7,"#FFCD32FF"
"634","IA",0.930435142889697,1992,8,"#FFFF60FF"
"635","ID",0.858569878864581,1992,7,"#FFCD32FF"
"636","IL",0.926182193016364,1992,8,"#FFFF60FF"
"637","IN",0.914890566759056,1992,8,"#FFFF60FF"
"638","KS",0.894260248427574,1992,7,"#FFCD32FF"
"639","KY",0.890065462278885,1992,7,"#FFCD32FF"
"640","LA",0.899617963511617,1992,7,"#FFCD32FF"
"641","MA",0.858120958539369,1992,7,"#FFCD32FF"
"642","MD",0.913860550740201,1992,8,"#FFFF60FF"
"643","ME",0.901315789473684,1992,8,"#FFFF60FF"
"644","MI",0.933615394527726,1992,8,"#FFFF60FF"
"645","MN",0.941488298991729,1992,8,"#FFFF60FF"
"646","MO",0.873218327521869,1992,7,"#FFCD32FF"
"647","MS",0.884086505406588,1992,7,"#FFCD32FF"
"648","MT",0.872442048989965,1992,7,"#FFCD32FF"
"649","NC",0.894646507501832,1992,7,"#FFCD32FF"
"650","ND",0.926581627735116,1992,8,"#FFFF60FF"
"651","NE",0.897549269693706,1992,7,"#FFCD32FF"
"652","NH",0.87321063394683,1992,7,"#FFCD32FF"
"653","NJ",0.878951426368543,1992,7,"#FFCD32FF"
"654","NM",0.685552209538483,1992,6,"#FF8B74FF"
"655","NV",0.793425605536332,1992,6,"#FF8B74FF"
"656","NY",0.940599269485545,1992,8,"#FFFF60FF"
"657","OH",0.930039173537356,1992,8,"#FFFF60FF"
"658","OK",0.832499215680416,1992,7,"#FFCD32FF"
"659","OR",0.821083657343534,1992,7,"#FFCD32FF"
"660","PA",0.943102295520392,1992,8,"#FFFF60FF"
"661","RI",0.87673343605547,1992,7,"#FFCD32FF"
"662","SC",0.885288015018279,1992,7,"#FFCD32FF"
"663","SD",0.918049152890742,1992,8,"#FFFF60FF"
"664","TN",0.878776173477543,1992,7,"#FFCD32FF"
"665","TX",0.829941763911339,1992,7,"#FFCD32FF"
"666","UT",0.842677514792899,1992,7,"#FFCD32FF"
"667","VA",0.898062621382218,1992,7,"#FFCD32FF"
"668","VT",0.919242089771891,1992,8,"#FFFF60FF"
"669","WA",0.867565424266455,1992,7,"#FFCD32FF"
"670","WI",0.948513074059359,1992,8,"#FFFF60FF"
"671","WV",0.918096357226792,1992,8,"#FFFF60FF"
"672","WY",0.835360256998623,1992,7,"#FFCD32FF"
"673","AL",0.917745988787937,1997,8,"#FFFF60FF"
"674","AR",0.896592973284303,1997,7,"#FFCD32FF"
"675","AZ",0.650529747351263,1997,5,"#FA4AB5FF"
"676","CA",0.773035102393222,1997,6,"#FF8B74FF"
"677","CO",0.841057025611999,1997,7,"#FFCD32FF"
"678","CT",0.882017900732303,1997,7,"#FFCD32FF"
"679","DE",0.919918699186992,1997,8,"#FFFF60FF"
"680","FL",0.813385442110405,1997,6,"#FF8B74FF"
"681","GA",0.901299152080131,1997,8,"#FFFF60FF"
"682","IA",0.933298087937263,1997,8,"#FFFF60FF"
"683","ID",0.837142601057632,1997,7,"#FFCD32FF"
"684","IL",0.927612216122983,1997,8,"#FFFF60FF"
"685","IN",0.921662407624836,1997,8,"#FFFF60FF"
"686","KS",0.896968811390905,1997,7,"#FFCD32FF"
"687","KY",0.923960473059205,1997,8,"#FFFF60FF"
"688","LA",0.914578348654661,1997,8,"#FFFF60FF"
"689","MA",0.835127377108001,1997,7,"#FFCD32FF"
"690","MD",0.933714001986097,1997,8,"#FFFF60FF"
"691","ME",0.876419965576592,1997,7,"#FFCD32FF"
"692","MI",0.924435657331566,1997,8,"#FFFF60FF"
"693","MN",0.936388294464814,1997,8,"#FFFF60FF"
"694","MO",0.902670443050779,1997,8,"#FFFF60FF"
"695","MS",0.92873108116738,1997,8,"#FFFF60FF"
"696","MT",0.849911446105688,1997,7,"#FFCD32FF"
"697","NC",0.911083674047687,1997,8,"#FFFF60FF"
"698","ND",0.920961185418306,1997,8,"#FFFF60FF"
"699","NE",0.900260426788977,1997,8,"#FFFF60FF"
"700","NH",0.861763704460334,1997,7,"#FFCD32FF"
"701","NJ",0.906493791891001,1997,8,"#FFFF60FF"
"702","NM",0.728182205193699,1997,6,"#FF8B74FF"
"703","NV",0.812654648285613,1997,6,"#FF8B74FF"
"704","NY",0.932329880026451,1997,8,"#FFFF60FF"
"705","OH",0.93798020148416,1997,8,"#FFFF60FF"
"706","OK",0.85269625677096,1997,7,"#FFCD32FF"
"707","OR",0.828298560094035,1997,7,"#FFCD32FF"
"708","PA",0.91616252722353,1997,8,"#FFFF60FF"
"709","RI",0.857142857142857,1997,7,"#FFCD32FF"
"710","SC",0.917727475357868,1997,8,"#FFFF60FF"
"711","SD",0.917561692878149,1997,8,"#FFFF60FF"
"712","TN",0.924731182795699,1997,8,"#FFFF60FF"
"713","TX",0.863675431418263,1997,7,"#FFCD32FF"
"714","UT",0.827092588674988,1997,7,"#FFCD32FF"
"715","VA",0.920720282272783,1997,8,"#FFFF60FF"
"716","VT",0.917982155113246,1997,8,"#FFFF60FF"
"717","WA",0.850953086760194,1997,7,"#FFCD32FF"
"718","WI",0.931145391908783,1997,8,"#FFFF60FF"
"719","WV",0.933434616250281,1997,8,"#FFFF60FF"
"720","WY",0.839038128249567,1997,7,"#FFCD32FF"
"721","AL",0.876656472986748,2002,7,"#FFCD32FF"
"722","AR",0.913695427837331,2002,8,"#FFFF60FF"
"723","AZ",0.899780641623252,2002,7,"#FFCD32FF"
"724","CA",0.915133553515591,2002,8,"#FFFF60FF"
"725","CO",0.821320411871593,2002,7,"#FFCD32FF"
"726","CT",0.811739441660702,2002,6,"#FF8B74FF"
"727","DE",0.942701798410707,2002,8,"#FFFF60FF"
"728","FL",0.938181983167351,2002,8,"#FFFF60FF"
"729","GA",0.877998823791852,2002,7,"#FFCD32FF"
"730","IA",0.919011637526888,2002,8,"#FFFF60FF"
"731","ID",0.802854059239717,2002,6,"#FF8B74FF"
"732","IL",0.931491092335711,2002,8,"#FFFF60FF"
"733","IN",0.886045508823139,2002,7,"#FFCD32FF"
"734","KS",0.895007296550439,2002,7,"#FFCD32FF"
"735","KY",0.915323372736622,2002,8,"#FFFF60FF"
"736","LA",0.886367781709408,2002,7,"#FFCD32FF"
"737","MA",0.78962962962963,2002,6,"#FF8B74FF"
"738","MD",0.895638629283489,2002,7,"#FFCD32FF"
"739","ME",0.80822679266259,2002,6,"#FF8B74FF"
"740","MI",0.893313326455969,2002,7,"#FFCD32FF"
"741","MN",0.845965437474486,2002,7,"#FFCD32FF"
"742","MO",0.910063016751407,2002,8,"#FFFF60FF"
"743","MS",0.889110131323188,2002,7,"#FFCD32FF"
"744","MT",0.761894510226049,2002,6,"#FF8B74FF"
"745","NC",0.905432968663082,2002,8,"#FFFF60FF"
"746","ND",0.817302981808681,2002,6,"#FF8B74FF"
"747","NE",0.869557289028467,2002,7,"#FFCD32FF"
"748","NH",0.820993160868272,2002,7,"#FFCD32FF"
"749","NJ",0.879181781539702,2002,7,"#FFCD32FF"
"750","NM",0.715820698747528,2002,6,"#FF8B74FF"
"751","NV",0.760120441619271,2002,6,"#FF8B74FF"
"752","NY",0.889679237686217,2002,7,"#FFCD32FF"
"753","OH",0.909752304073422,2002,8,"#FFFF60FF"
"754","OK",0.866482593037215,2002,7,"#FFCD32FF"
"755","OR",0.812979292084031,2002,6,"#FF8B74FF"
"756","PA",0.867945959900181,2002,7,"#FFCD32FF"
"757","RI",0.82051282051282,2002,7,"#FFCD32FF"
"758","SC",0.859174442769243,2002,7,"#FFCD32FF"
"759","SD",0.921004537433829,2002,8,"#FFFF60FF"
"760","TN",0.908510759746561,2002,8,"#FFFF60FF"
"761","TX",0.980858443339769,2002,8,"#FFFF60FF"
"762","UT",0.781965711294333,2002,6,"#FF8B74FF"
"763","VA",0.912553039532832,2002,8,"#FFFF60FF"
"764","VT",0.815248820575255,2002,6,"#FF8B74FF"
"765","WA",0.833106096441192,2002,7,"#FFCD32FF"
"766","WI",0.89771946428803,2002,7,"#FFCD32FF"
"767","WV",0.846963290409379,2002,7,"#FFCD32FF"
"768","WY",0.775737635321588,2002,6,"#FF8B74FF"
"769","AL",0.877874182101614,2007,7,"#FFCD32FF"
"770","AR",0.867061159972439,2007,7,"#FFCD32FF"
"771","AZ",0.361706209631003,2007,3,"#2E00FFFF"
"772","CA",0.720879148001431,2007,6,"#FF8B74FF"
"773","CO",0.778215577265612,2007,6,"#FF8B74FF"
"774","CT",0.821196094385679,2007,7,"#FFCD32FF"
"775","DE",0.828358208955224,2007,7,"#FFCD32FF"
"776","FL",0.75920190464151,2007,6,"#FF8B74FF"
"777","GA",0.873907954687957,2007,7,"#FFCD32FF"
"778","IA",0.8542258981649,2007,7,"#FFCD32FF"
"779","ID",0.785908714347706,2007,6,"#FF8B74FF"
"780","IL",0.866926880041634,2007,7,"#FFCD32FF"
"781","IN",0.829383964029013,2007,7,"#FFCD32FF"
"782","KS",0.827532007752056,2007,7,"#FFCD32FF"
"783","KY",0.887133474079287,2007,7,"#FFCD32FF"
"784","LA",0.864910649040058,2007,7,"#FFCD32FF"
"785","MA",0.764009881679886,2007,6,"#FF8B74FF"
"786","MD",0.890369331463301,2007,7,"#FFCD32FF"
"787","ME",0.785152409046214,2007,6,"#FF8B74FF"
"788","MI",0.878084050415967,2007,7,"#FFCD32FF"
"789","MN",0.867616554721454,2007,7,"#FFCD32FF"
"790","MO",0.868703918386274,2007,7,"#FFCD32FF"
"791","MS",0.88739007126004,2007,7,"#FFCD32FF"
"792","MT",0.731811407668338,2007,6,"#FF8B74FF"
"793","NC",0.864475648706367,2007,7,"#FFCD32FF"
"794","ND",0.813012198936503,2007,6,"#FF8B74FF"
"795","NE",0.836204728370221,2007,7,"#FFCD32FF"
"796","NH",0.820691310609698,2007,7,"#FFCD32FF"
"797","NJ",0.842742325941706,2007,7,"#FFCD32FF"
"798","NM",0.617009077878643,2007,5,"#FA4AB5FF"
"799","NV",0.729160012775471,2007,6,"#FF8B74FF"
"800","NY",0.883857834507042,2007,7,"#FFCD32FF"
"801","OH",0.885659297926471,2007,7,"#FFCD32FF"
"802","OK",0.844856466239242,2007,7,"#FFCD32FF"
"803","OR",0.798848338650689,2007,6,"#FF8B74FF"
"804","PA",0.837531466206482,2007,7,"#FFCD32FF"
"805","RI",0.776866283839213,2007,6,"#FF8B74FF"
"806","SC",0.889782348165616,2007,7,"#FFCD32FF"
"807","SD",0.874811511437646,2007,7,"#FFCD32FF"
"808","TN",0.875769424823411,2007,7,"#FFCD32FF"
"809","TX",0.830231533683321,2007,7,"#FFCD32FF"
"810","UT",0.763413173652695,2007,6,"#FF8B74FF"
"811","VA",0.90053394677416,2007,8,"#FFFF60FF"
"812","VT",0.850801832760596,2007,7,"#FFCD32FF"
"813","WA",0.792434578963446,2007,6,"#FF8B74FF"
"814","WI",0.861578068643819,2007,7,"#FFCD32FF"
"815","WV",0.868659496993818,2007,7,"#FFCD32FF"
"816","WY",0.771614418646671,2007,6,"#FF8B74FF"
